[{"pk": "11872358f5dff91f5c42440e870e13f5", "model": "sessions.session", "fields": {"expire_date": "2012-05-16T15:33:26", "session_data": "NzgyOTQzY2UxZjdkY2U0OWFmYzE2N2NlMzhmY2I1ZGExYWFmMzFjMDqAAn1xAS4=\n"}}, {"pk": "1de9b5e8a75f7a901144b0a213fc3e5e", "model": "sessions.session", "fields": {"expire_date": "2012-05-07T07:50:26", "session_data": "ODUzYTViZTE1NTlhMzk0OTAyZTAyNTZkNGZjZDNjOTI3M2RhYTBlOTqAAn1xAVUKdGVzdGNvb2tp\nZVUGd29ya2VkcQJzLg==\n"}}, {"pk": "2501e381ec2ff0e8c474786d5bfdd9a8", "model": "sessions.session", "fields": {"expire_date": "2012-05-16T16:23:05", "session_data": "NzgyOTQzY2UxZjdkY2U0OWFmYzE2N2NlMzhmY2I1ZGExYWFmMzFjMDqAAn1xAS4=\n"}}, {"pk": "285391ab2c0135516059ae4f7028504e", "model": "sessions.session", "fields": {"expire_date": "2012-05-17T15:19:04", "session_data": "ODUzYTViZTE1NTlhMzk0OTAyZTAyNTZkNGZjZDNjOTI3M2RhYTBlOTqAAn1xAVUKdGVzdGNvb2tp\nZVUGd29ya2VkcQJzLg==\n"}}, {"pk": "37bc349d009d5c4d46e9d26c1a30a241", "model": "sessions.session", "fields": {"expire_date": "2012-05-15T02:39:13", "session_data": "NzgyOTQzY2UxZjdkY2U0OWFmYzE2N2NlMzhmY2I1ZGExYWFmMzFjMDqAAn1xAS4=\n"}}, {"pk": "638c22dd9311e6d55aea37fc7c9ac08d", "model": "sessions.session", "fields": {"expire_date": "2012-05-10T12:09:16", "session_data": "N2VjZTdiN2VkMDNlMzU0YzgxYmVhNmY3YjczZTBlOWE5YWYyY2NkMTqAAn1xAVUKdGVzdGNvb2tp\nZXECVQZ3b3JrZWRxA3Mu\n"}}, {"pk": "abc09cd5f2ae127706e53631d1791dae", "model": "sessions.session", "fields": {"expire_date": "2012-05-17T16:39:02", "session_data": "N2VjZTdiN2VkMDNlMzU0YzgxYmVhNmY3YjczZTBlOWE5YWYyY2NkMTqAAn1xAVUKdGVzdGNvb2tp\nZXECVQZ3b3JrZWRxA3Mu\n"}}, {"pk": "ccd44345d1e2bab9933b12c38ded8cc0", "model": "sessions.session", "fields": {"expire_date": "2012-05-16T16:27:57", "session_data": "M2RhZjgzNzk0YzBjYTUwOTk5YjJjNjkwNTk5NmZiYzVlZTM1OTE1MDqAAn1xAShVEl9hdXRoX3Vz\nZXJfYmFja2VuZHECVSlkamFuZ28uY29udHJpYi5hdXRoLmJhY2tlbmRzLk1vZGVsQmFja2VuZHED\nVQ1fYXV0aF91c2VyX2lkcQSKAQF1Lg==\n"}}, {"pk": "d4d5378f19410993194dd5d743f01be3", "model": "sessions.session", "fields": {"expire_date": "2012-05-16T21:29:01", "session_data": "YWRjZjAyZDQwNDk0MWUwNzc2MjVhM2UzYTRhM2RkOWE0MTU0NDg2NDqAAn1xAShVEl9hdXRoX3Vz\nZXJfYmFja2VuZHECVSlkamFuZ28uY29udHJpYi5hdXRoLmJhY2tlbmRzLk1vZGVsQmFja2VuZHED\nVQ1fYXV0aF91c2VyX2lkcQSKAQN1Lg==\n"}}, {"pk": "d97f0c82d4daee0ca9c3adb5369adf10", "model": "sessions.session", "fields": {"expire_date": "2012-05-17T03:08:20", "session_data": "M2RhZjgzNzk0YzBjYTUwOTk5YjJjNjkwNTk5NmZiYzVlZTM1OTE1MDqAAn1xAShVEl9hdXRoX3Vz\nZXJfYmFja2VuZHECVSlkamFuZ28uY29udHJpYi5hdXRoLmJhY2tlbmRzLk1vZGVsQmFja2VuZHED\nVQ1fYXV0aF91c2VyX2lkcQSKAQF1Lg==\n"}}, {"pk": "e4357814d64d99909fffac36274680ba", "model": "sessions.session", "fields": {"expire_date": "2012-05-01T01:33:35", "session_data": "M2RhZjgzNzk0YzBjYTUwOTk5YjJjNjkwNTk5NmZiYzVlZTM1OTE1MDqAAn1xAShVEl9hdXRoX3Vz\nZXJfYmFja2VuZHECVSlkamFuZ28uY29udHJpYi5hdXRoLmJhY2tlbmRzLk1vZGVsQmFja2VuZHED\nVQ1fYXV0aF91c2VyX2lkcQSKAQF1Lg==\n"}}, {"pk": "f58ee1ccfa65c7e875df8849d14e0365", "model": "sessions.session", "fields": {"expire_date": "2012-05-07T09:37:54", "session_data": "YWRjZjAyZDQwNDk0MWUwNzc2MjVhM2UzYTRhM2RkOWE0MTU0NDg2NDqAAn1xAShVEl9hdXRoX3Vz\nZXJfYmFja2VuZHECVSlkamFuZ28uY29udHJpYi5hdXRoLmJhY2tlbmRzLk1vZGVsQmFja2VuZHED\nVQ1fYXV0aF91c2VyX2lkcQSKAQN1Lg==\n"}}, {"pk": 1, "model": "sites.site", "fields": {"domain": "example.com", "name": "example.com"}}, {"pk": 1, "model": "destinations.interest", "fields": {"interest_name": "Music"}}, {"pk": 2, "model": "destinations.interest", "fields": {"interest_name": "History"}}, {"pk": 3, "model": "destinations.interest", "fields": {"interest_name": "Adventure"}}, {"pk": 4, "model": "destinations.interest", "fields": {"interest_name": "Art"}}, {"pk": 5, "model": "destinations.interest", "fields": {"interest_name": "Tourism"}}, {"pk": 6, "model": "destinations.interest", "fields": {"interest_name": "Food"}}, {"pk": 7, "model": "destinations.interest", "fields": {"interest_name": "Winter Sports"}}, {"pk": 8, "model": "destinations.interest", "fields": {"interest_name": "Architecture"}}, {"pk": 9, "model": "destinations.interest", "fields": {"interest_name": "Sports"}}, {"pk": 10, "model": "destinations.interest", "fields": {"interest_name": "Shopping"}}, {"pk": 11, "model": "destinations.interest", "fields": {"interest_name": "Book & Film"}}, {"pk": 12, "model": "destinations.interest", "fields": {"interest_name": "Science"}}, {"pk": 13, "model": "destinations.interest", "fields": {"interest_name": "Scenery"}}, {"pk": 14, "model": "destinations.interest", "fields": {"interest_name": "Animal"}}, {"pk": 1, "model": "destinations.country", "fields": {"country_name": "United States"}}, {"pk": 2, "model": "destinations.country", "fields": {"country_name": "France"}}, {"pk": 3, "model": "destinations.country", "fields": {"country_name": "Germany"}}, {"pk": 4, "model": "destinations.country", "fields": {"country_name": "India"}}, {"pk": 5, "model": "destinations.country", "fields": {"country_name": "Canada"}}, {"pk": 6, "model": "destinations.country", "fields": {"country_name": "Mexico"}}, {"pk": 7, "model": "destinations.country", "fields": {"country_name": "Belgium"}}, {"pk": 8, "model": "destinations.country", "fields": {"country_name": "Spain"}}, {"pk": 9, "model": "destinations.country", "fields": {"country_name": "Switzerland"}}, {"pk": 10, "model": "destinations.country", "fields": {"country_name": "Netherlands"}}, {"pk": 11, "model": "destinations.country", "fields": {"country_name": "Denmark"}}, {"pk": 12, "model": "destinations.country", "fields": {"country_name": "Japan"}}, {"pk": 13, "model": "destinations.country", "fields": {"country_name": "China"}}, {"pk": 14, "model": "destinations.country", "fields": {"country_name": "Greece"}}, {"pk": 15, "model": "destinations.country", "fields": {"country_name": "Turkey"}}, {"pk": 16, "model": "destinations.country", "fields": {"country_name": "United Kingdom"}}, {"pk": 17, "model": "destinations.country", "fields": {"country_name": "South Africa"}}, {"pk": 18, "model": "destinations.country", "fields": {"country_name": "Egypt "}}, {"pk": 1, "model": "destinations.city", "fields": {"city_name": "San Francisco", "country": 1}}, {"pk": 2, "model": "destinations.city", "fields": {"city_name": "Paris", "country": 2}}, {"pk": 3, "model": "destinations.city", "fields": {"city_name": "Munich", "country": 3}}, {"pk": 4, "model": "destinations.city", "fields": {"city_name": "Toronto", "country": 5}}, {"pk": 5, "model": "destinations.city", "fields": {"city_name": "Vancouver", "country": 5}}, {"pk": 6, "model": "destinations.city", "fields": {"city_name": "Mexico City", "country": 6}}, {"pk": 8, "model": "destinations.city", "fields": {"city_name": "Geneva", "country": 9}}, {"pk": 9, "model": "destinations.city", "fields": {"city_name": "Amsterdam", "country": 10}}, {"pk": 10, "model": "destinations.city", "fields": {"city_name": "Copenhagen", "country": 11}}, {"pk": 11, "model": "destinations.city", "fields": {"city_name": "Tokyo", "country": 12}}, {"pk": 12, "model": "destinations.city", "fields": {"city_name": "Kyoto", "country": 12}}, {"pk": 13, "model": "destinations.city", "fields": {"city_name": "Beijing", "country": 13}}, {"pk": 14, "model": "destinations.city", "fields": {"city_name": "Santorini", "country": 14}}, {"pk": 15, "model": "destinations.city", "fields": {"city_name": "Normandy", "country": 2}}, {"pk": 16, "model": "destinations.city", "fields": {"city_name": "Versailles", "country": 2}}, {"pk": 17, "model": "destinations.city", "fields": {"city_name": "Athens", "country": 14}}, {"pk": 18, "model": "destinations.city", "fields": {"city_name": "Selcuk", "country": 15}}, {"pk": 19, "model": "destinations.city", "fields": {"city_name": "Big Sky", "country": 1}}, {"pk": 20, "model": "destinations.city", "fields": {"city_name": "Xi'an", "country": 13}}, {"pk": 21, "model": "destinations.city", "fields": {"city_name": "London", "country": 16}}, {"pk": 22, "model": "destinations.city", "fields": {"city_name": "Cardiff", "country": 16}}, {"pk": 23, "model": "destinations.city", "fields": {"city_name": "Tibet", "country": 13}}, {"pk": 24, "model": "destinations.city", "fields": {"city_name": "Nelspruit", "country": 17}}, {"pk": 25, "model": "destinations.city", "fields": {"city_name": "Roskilde", "country": 11}}, {"pk": 26, "model": "destinations.city", "fields": {"city_name": "Cairo", "country": 18}}, {"pk": 1, "model": "destinations.destination", "fields": {"city": 13, "name": "Forbidden City", "interest": [2, 5]}}, {"pk": 2, "model": "destinations.destination", "fields": {"city": 14, "name": "Santorini", "interest": [3, 5]}}, {"pk": 3, "model": "destinations.destination", "fields": {"city": 15, "name": "Mont Saint Michel Castle", "interest": [4, 2]}}, {"pk": 4, "model": "destinations.destination", "fields": {"city": 15, "name": "Rouen Cathedral", "interest": [4]}}, {"pk": 5, "model": "destinations.destination", "fields": {"city": 2, "name": "Eiffel Tower", "interest": [4, 2]}}, {"pk": 6, "model": "destinations.destination", "fields": {"city": 2, "name": "Mus\u00e9e du Louvre", "interest": [4, 2, 5]}}, {"pk": 7, "model": "destinations.destination", "fields": {"city": 2, "name": "Musee d'Orsay", "interest": [4]}}, {"pk": 8, "model": "destinations.destination", "fields": {"city": 2, "name": "Cath\u00e9drale Notre Dame de Paris", "interest": [4, 2]}}, {"pk": 9, "model": "destinations.destination", "fields": {"city": 16, "name": "Ch\u00e2teau de Versailles", "interest": [4, 2, 5]}}, {"pk": 10, "model": "destinations.destination", "fields": {"city": 2, "name": "Les Invalides", "interest": [2]}}, {"pk": 11, "model": "destinations.destination", "fields": {"city": 2, "name": "Champs-\u00c9lys\u00e9es", "interest": [6, 5]}}, {"pk": 12, "model": "destinations.destination", "fields": {"city": 17, "name": "Acropolis", "interest": [2, 5]}}, {"pk": 13, "model": "destinations.destination", "fields": {"city": 18, "name": "Ruins of Ephesus", "interest": [2, 5]}}, {"pk": 14, "model": "destinations.destination", "fields": {"city": 5, "name": "Whistler Blackcomb", "interest": [7]}}, {"pk": 15, "model": "destinations.destination", "fields": {"city": 19, "name": "Big Sky Mountain", "interest": [7]}}, {"pk": 16, "model": "destinations.destination", "fields": {"city": 20, "name": "Terracota Warriors", "interest": [2]}}, {"pk": 18, "model": "destinations.destination", "fields": {"city": 22, "name": "Millennium Stadium", "interest": [9]}}, {"pk": 19, "model": "destinations.destination", "fields": {"city": 11, "name": "Ginza", "interest": [11, 6, 10, 5]}}, {"pk": 20, "model": "destinations.destination", "fields": {"city": 2, "name": "Place de la Concorde", "interest": [6, 2, 9, 5]}}, {"pk": 22, "model": "destinations.destination", "fields": {"city": 12, "name": "Nij? Castle", "interest": [8, 2]}}, {"pk": 23, "model": "destinations.destination", "fields": {"city": 12, "name": "Kinkaku-ji", "interest": [8, 4, 2, 5]}}, {"pk": 24, "model": "destinations.destination", "fields": {"city": 8, "name": "CERN", "interest": [12]}}, {"pk": 25, "model": "destinations.destination", "fields": {"city": 8, "name": "Lake Geneva", "interest": [13]}}, {"pk": 26, "model": "destinations.destination", "fields": {"city": 24, "name": "Kruger National Park", "interest": [3, 14, 13]}}, {"pk": 27, "model": "destinations.destination", "fields": {"city": 25, "name": "Roskilde Festival", "interest": [4, 1]}}, {"pk": 28, "model": "destinations.destination", "fields": {"city": 26, "name": "Pyramids", "interest": [3, 8, 2, 5]}}, {"pk": 1, "model": "destinations.review", "fields": {"review_headline": "Rouen Cathedral", "rating": 8, "destination": 4, "review_content": "Claude Monet, French impressionist painter, painted a large series of paintings of this cathedral. It is a great site for photography. "}}, {"pk": 2, "model": "destinations.review", "fields": {"review_headline": "Busy but Beautiful", "rating": 7, "destination": 1, "review_content": "The Forbidden City is one of great tourist destinations of Beijing, and for that reason, it is always packed with visitors. There are vendors outside trying to make money off of these travelers, selling fake watches and other cheap goods. Still though, the destination is incredibly beautiful decorated in beautiful reds and golds. The site is beautiful, and the history makes the site even more interesting. "}}, {"pk": 3, "model": "destinations.review", "fields": {"review_headline": "The Blue and White", "rating": 9, "destination": 2, "review_content": "Santorini is one of the most beautiful places I've ever been. The island is entirely picturesque from the little white and blue houses to the beautiful blue water. At times, the fish and donkey smell makes the air unpleasant, but the views are utterly spectacular."}}, {"pk": 4, "model": "destinations.review", "fields": {"review_headline": "Ancient", "rating": 8, "destination": 12, "review_content": "In terms of architectural advances and history, the Parthenon cannot be beat in its significance. This destination is much better seen from the streets of Athens than from the crowded up close perspective. Late at night, teh streets of Athens fill up as people get ready to eat dinner. Small cafes bustle with excitement as souvlaki and gyros with amazing french fries are served to the evening visitors. "}}, {"pk": 5, "model": "destinations.review", "fields": {"review_headline": "Not Ruined", "rating": 9, "destination": 13, "review_content": "Visiting the Ruins of Ephesus is remarkably enriching. The site is incredibly beautiful and ancient and is not laced with the usual tourists that occupy so many previous Wonders of the World. Cheap knock-off goods and delicious Turkish Delight can also be bought at nearby marketplaces. \"Genuine Fake Watches\" were being sold when I was there. "}}, {"pk": 6, "model": "destinations.review", "fields": {"review_headline": "Can't be Beat", "rating": 8, "destination": 14, "review_content": "Whistler Blackcomb is one of the most majestic ski resorts out there. The mountain gets remarkable amounts of snow (at least at the top) and has a whole mile of vertical drop. The apres-ski at Whistler is also competitive with the famous apres-ski life of Vail. There are many restaurants to pick from and much entertainment. I would personally recommend Mongolie Grill and then Cows for delicious ice cream. The mountain has two flaws: its crowds and its 'tropical' weather at the base and on the lower parts of the mountain. "}}, {"pk": 7, "model": "destinations.review", "fields": {"review_headline": "Hidden Gem", "rating": 9, "destination": 15, "review_content": "Big Sky is truly a hidden gem. There are no crowds and crazy large amounts of snow. It is perfect for hard core skiiers looking for powder runs and empty slopes. There is not much in the middle of montana, but the views alone will leave you breathless. "}}, {"pk": 8, "model": "destinations.review", "fields": {"review_headline": "Devotion", "rating": 8, "destination": 16, "review_content": "The story of the Terracota Warriors is breathtaking, and they are simply remarkable to look at. Each one is beautifully unique, and they are just something worth seeing in a lifetime. "}}, {"pk": 9, "model": "destinations.review", "fields": {"review_headline": "Watch football in \"Stadiwm y Mileniwm\"", "rating": 3, "destination": 18, "review_content": "Stadiwm y Mileniwm, which means Millennium Stadium in Welsh, is a multifunctional stadium. Frankly, it is not very remarkable as a sports stadium because it is mainly used by Welsh leagues. I visited this stadium because its underground area appeared in Doctor Who, but the underground region is not open to public."}}, {"pk": 10, "model": "destinations.review", "fields": {"review_headline": "Impressionist art", "rating": 10, "destination": 7, "review_content": "Musee d'Orsay is famous for its collection of impressionist and post-impressionist art works.\r\nMonet, Renoir, Manet and Degas are all French; Van Gogh is Dutch, yet he was most productive when he was France. So France is clearly the centre of impressionism. If you love impressionism, Muess d'Orsay is decidedly the best museum to visit.  \r\n\r\nofficial website: http://www.musee-orsay.fr/en/home.html"}}, {"pk": 11, "model": "destinations.review", "fields": {"review_headline": "Icon of Paris", "rating": 7, "destination": 5, "review_content": "All tourist visit Eiffel Tower even though they know it is not an interesting attraction. However, visiting Eiffel does not mean climbing Eiffel; I do not understand why so many tourists insist on climbing to the top of Eiffel. \r\nIf you go to Paris in Tourist Season which sadly is when you have time to travel, I do not recommend climbing stairs or taking lift to the top. Paris is a beautiful city, but aerial view is not the best view to see it. "}}, {"pk": 12, "model": "destinations.review", "fields": {"review_headline": "The Louvre", "rating": 10, "destination": 6, "review_content": "Everybody can find something interesting in the Louvre because of its extensive collection. Personally, I  visit the Louvre every time I go to Paris, so I strongly recommend visiting this museum. \r\nIt is impossible to visit every section, so plan your tour in advance according to interests. Besides, the ticket is only 10. \r\nFor the interests of hass students: There is an academy affiliated to the Louvre called Ecole du Louvre, which offers courses in art history, archaeology etc. "}}, {"pk": 13, "model": "destinations.review", "fields": {"review_headline": "Largest Square in Paris", "rating": 8, "destination": 20, "review_content": "Place de la Concorde is best known for the Luxor Obelisk which French stole from Egypt. Historically, the square is also related to French Revolution. It locates at the end of Champs-\u00c9lys\u00e9es, so it is also a convenient location to watch Tour de France or to watch crazy French during Tour de France. "}}, {"pk": 14, "model": "destinations.review", "fields": {"review_headline": "Beautiful in some sense", "rating": 6, "destination": 11, "review_content": "There are lots of luxury shops, pigeons, crepes and tourists. "}}, {"pk": 15, "model": "destinations.review", "fields": {"review_headline": "Ultimate Luxury", "rating": 10, "destination": 9, "review_content": "You will understand better why French people started revolution if you visit Versailles. Visiting all palaces and gardens can take a day, but Versailles is worth the time. \r\nOne concern may be transportation: We drove to Versailles, which took 1-2 hours.  However, it is very convenient to take a train (RER) from Paris to Versailles because Versailles is actually in the suburb of Paris. Inside Versailles, you can walk/ bike/ take shuttle, though I personally think walking is a bit challenging. "}}, {"pk": 16, "model": "destinations.review", "fields": {"review_headline": "Melon-pan", "rating": 7, "destination": 19, "review_content": "Ginza is supposed to be the most expensive area for shopping and food in Tokyo. I thought it is a Japanese version of Champs Elysees with narrower street and fewer trees.\r\nHowever, I went to Ginza for Melon-pan! If you watch Shakugan no Shana, you should know how important Melon-pan is. Unfortunately, Misaki is not a real city, so the best place for Melon-pan is Ginza because it is the cradle of Melon-pan.  "}}, {"pk": 17, "model": "destinations.review", "fields": {"review_headline": "World's Largest Accelerator", "rating": 10, "destination": 24, "review_content": "CERN is the European Organization for Nuclear Research. I think all experimental physicists work at CERN at some point of their life. Anyone can visit CERN as a tourist even if he does not work there; I am not sure if appointment is needed. \r\n"}}]