[{"pk": 1, "model": "contenttypes.contenttype", "fields": {"model": "permission", "name": "permission", "app_label": "auth"}}, {"pk": 2, "model": "contenttypes.contenttype", "fields": {"model": "group", "name": "group", "app_label": "auth"}}, {"pk": 3, "model": "contenttypes.contenttype", "fields": {"model": "user", "name": "user", "app_label": "auth"}}, {"pk": 5, "model": "contenttypes.contenttype", "fields": {"model": "contenttype", "name": "content type", "app_label": "contenttypes"}}, {"pk": 6, "model": "contenttypes.contenttype", "fields": {"model": "session", "name": "session", "app_label": "sessions"}}, {"pk": 7, "model": "contenttypes.contenttype", "fields": {"model": "site", "name": "site", "app_label": "sites"}}, {"pk": 8, "model": "contenttypes.contenttype", "fields": {"model": "logentry", "name": "log entry", "app_label": "admin"}}, {"pk": 9, "model": "contenttypes.contenttype", "fields": {"model": "poll", "name": "poll", "app_label": "polls"}}, {"pk": 10, "model": "contenttypes.contenttype", "fields": {"model": "choice", "name": "choice", "app_label": "polls"}}, {"pk": 11, "model": "contenttypes.contenttype", "fields": {"model": "interest", "name": "interest", "app_label": "destinations"}}, {"pk": 12, "model": "contenttypes.contenttype", "fields": {"model": "country", "name": "country", "app_label": "destinations"}}, {"pk": 13, "model": "contenttypes.contenttype", "fields": {"model": "city", "name": "city", "app_label": "destinations"}}, {"pk": 14, "model": "contenttypes.contenttype", "fields": {"model": "destination", "name": "destination", "app_label": "destinations"}}, {"pk": 17, "model": "contenttypes.contenttype", "fields": {"model": "review", "name": "review", "app_label": "destinations"}}, {"pk": 18, "model": "contenttypes.contenttype", "fields": {"model": "forum", "name": "forum", "app_label": "forum"}}, {"pk": 19, "model": "contenttypes.contenttype", "fields": {"model": "thread", "name": "thread", "app_label": "forum"}}, {"pk": 20, "model": "contenttypes.contenttype", "fields": {"model": "post", "name": "post", "app_label": "forum"}}, {"pk": 22, "model": "contenttypes.contenttype", "fields": {"model": "registrationprofile", "name": "registration profile", "app_label": "registration"}}, {"pk": 23, "model": "contenttypes.contenttype", "fields": {"model": "userprofile", "name": "user profile", "app_label": "forum"}}, {"pk": 24, "model": "contenttypes.contenttype", "fields": {"model": "migrationhistory", "name": "migration history", "app_label": "south"}}, {"pk": 26, "model": "contenttypes.contenttype", "fields": {"model": "profile", "name": "profile", "app_label": "profiles"}}, {"pk": "11872358f5dff91f5c42440e870e13f5", "model": "sessions.session", "fields": {"expire_date": "2012-05-16T15:33:26", "session_data": "NzgyOTQzY2UxZjdkY2U0OWFmYzE2N2NlMzhmY2I1ZGExYWFmMzFjMDqAAn1xAS4=\n"}}, {"pk": "1de9b5e8a75f7a901144b0a213fc3e5e", "model": "sessions.session", "fields": {"expire_date": "2012-05-07T07:50:26", "session_data": "ODUzYTViZTE1NTlhMzk0OTAyZTAyNTZkNGZjZDNjOTI3M2RhYTBlOTqAAn1xAVUKdGVzdGNvb2tp\nZVUGd29ya2VkcQJzLg==\n"}}, {"pk": "2501e381ec2ff0e8c474786d5bfdd9a8", "model": "sessions.session", "fields": {"expire_date": "2012-05-16T16:23:05", "session_data": "NzgyOTQzY2UxZjdkY2U0OWFmYzE2N2NlMzhmY2I1ZGExYWFmMzFjMDqAAn1xAS4=\n"}}, {"pk": "285391ab2c0135516059ae4f7028504e", "model": "sessions.session", "fields": {"expire_date": "2012-05-17T15:19:04", "session_data": "ODUzYTViZTE1NTlhMzk0OTAyZTAyNTZkNGZjZDNjOTI3M2RhYTBlOTqAAn1xAVUKdGVzdGNvb2tp\nZVUGd29ya2VkcQJzLg==\n"}}, {"pk": "37bc349d009d5c4d46e9d26c1a30a241", "model": "sessions.session", "fields": {"expire_date": "2012-05-15T02:39:13", "session_data": "NzgyOTQzY2UxZjdkY2U0OWFmYzE2N2NlMzhmY2I1ZGExYWFmMzFjMDqAAn1xAS4=\n"}}, {"pk": "638c22dd9311e6d55aea37fc7c9ac08d", "model": "sessions.session", "fields": {"expire_date": "2012-05-10T12:09:16", "session_data": "N2VjZTdiN2VkMDNlMzU0YzgxYmVhNmY3YjczZTBlOWE5YWYyY2NkMTqAAn1xAVUKdGVzdGNvb2tp\nZXECVQZ3b3JrZWRxA3Mu\n"}}, {"pk": "abc09cd5f2ae127706e53631d1791dae", "model": "sessions.session", "fields": {"expire_date": "2012-05-17T16:39:02", "session_data": "N2VjZTdiN2VkMDNlMzU0YzgxYmVhNmY3YjczZTBlOWE5YWYyY2NkMTqAAn1xAVUKdGVzdGNvb2tp\nZXECVQZ3b3JrZWRxA3Mu\n"}}, {"pk": "ccd44345d1e2bab9933b12c38ded8cc0", "model": "sessions.session", "fields": {"expire_date": "2012-05-16T16:27:57", "session_data": "M2RhZjgzNzk0YzBjYTUwOTk5YjJjNjkwNTk5NmZiYzVlZTM1OTE1MDqAAn1xAShVEl9hdXRoX3Vz\nZXJfYmFja2VuZHECVSlkamFuZ28uY29udHJpYi5hdXRoLmJhY2tlbmRzLk1vZGVsQmFja2VuZHED\nVQ1fYXV0aF91c2VyX2lkcQSKAQF1Lg==\n"}}, {"pk": "d4d5378f19410993194dd5d743f01be3", "model": "sessions.session", "fields": {"expire_date": "2012-05-16T21:29:01", "session_data": "YWRjZjAyZDQwNDk0MWUwNzc2MjVhM2UzYTRhM2RkOWE0MTU0NDg2NDqAAn1xAShVEl9hdXRoX3Vz\nZXJfYmFja2VuZHECVSlkamFuZ28uY29udHJpYi5hdXRoLmJhY2tlbmRzLk1vZGVsQmFja2VuZHED\nVQ1fYXV0aF91c2VyX2lkcQSKAQN1Lg==\n"}}, {"pk": "d97f0c82d4daee0ca9c3adb5369adf10", "model": "sessions.session", "fields": {"expire_date": "2012-05-17T03:08:20", "session_data": "M2RhZjgzNzk0YzBjYTUwOTk5YjJjNjkwNTk5NmZiYzVlZTM1OTE1MDqAAn1xAShVEl9hdXRoX3Vz\nZXJfYmFja2VuZHECVSlkamFuZ28uY29udHJpYi5hdXRoLmJhY2tlbmRzLk1vZGVsQmFja2VuZHED\nVQ1fYXV0aF91c2VyX2lkcQSKAQF1Lg==\n"}}, {"pk": "e4357814d64d99909fffac36274680ba", "model": "sessions.session", "fields": {"expire_date": "2012-05-01T01:33:35", "session_data": "M2RhZjgzNzk0YzBjYTUwOTk5YjJjNjkwNTk5NmZiYzVlZTM1OTE1MDqAAn1xAShVEl9hdXRoX3Vz\nZXJfYmFja2VuZHECVSlkamFuZ28uY29udHJpYi5hdXRoLmJhY2tlbmRzLk1vZGVsQmFja2VuZHED\nVQ1fYXV0aF91c2VyX2lkcQSKAQF1Lg==\n"}}, {"pk": "f58ee1ccfa65c7e875df8849d14e0365", "model": "sessions.session", "fields": {"expire_date": "2012-05-07T09:37:54", "session_data": "YWRjZjAyZDQwNDk0MWUwNzc2MjVhM2UzYTRhM2RkOWE0MTU0NDg2NDqAAn1xAShVEl9hdXRoX3Vz\nZXJfYmFja2VuZHECVSlkamFuZ28uY29udHJpYi5hdXRoLmJhY2tlbmRzLk1vZGVsQmFja2VuZHED\nVQ1fYXV0aF91c2VyX2lkcQSKAQN1Lg==\n"}}, {"pk": 1, "model": "sites.site", "fields": {"domain": "example.com", "name": "example.com"}}, {"pk": 1, "model": "destinations.interest", "fields": {"interest_name": "Music"}}, {"pk": 2, "model": "destinations.interest", "fields": {"interest_name": "History"}}, {"pk": 3, "model": "destinations.interest", "fields": {"interest_name": "Adventure"}}, {"pk": 4, "model": "destinations.interest", "fields": {"interest_name": "Art"}}, {"pk": 5, "model": "destinations.interest", "fields": {"interest_name": "Tourism"}}, {"pk": 6, "model": "destinations.interest", "fields": {"interest_name": "Food"}}, {"pk": 7, "model": "destinations.interest", "fields": {"interest_name": "Winter Sports"}}, {"pk": 8, "model": "destinations.interest", "fields": {"interest_name": "Architecture"}}, {"pk": 9, "model": "destinations.interest", "fields": {"interest_name": "Sports"}}, {"pk": 10, "model": "destinations.interest", "fields": {"interest_name": "Shopping"}}, {"pk": 11, "model": "destinations.interest", "fields": {"interest_name": "Book & Film"}}, {"pk": 12, "model": "destinations.interest", "fields": {"interest_name": "Science"}}, {"pk": 13, "model": "destinations.interest", "fields": {"interest_name": "Scenery"}}, {"pk": 14, "model": "destinations.interest", "fields": {"interest_name": "Animal"}}, {"pk": 1, "model": "destinations.country", "fields": {"country_name": "United States"}}, {"pk": 2, "model": "destinations.country", "fields": {"country_name": "France"}}, {"pk": 3, "model": "destinations.country", "fields": {"country_name": "Germany"}}, {"pk": 4, "model": "destinations.country", "fields": {"country_name": "India"}}, {"pk": 5, "model": "destinations.country", "fields": {"country_name": "Canada"}}, {"pk": 6, "model": "destinations.country", "fields": {"country_name": "Mexico"}}, {"pk": 7, "model": "destinations.country", "fields": {"country_name": "Belgium"}}, {"pk": 8, "model": "destinations.country", "fields": {"country_name": "Spain"}}, {"pk": 9, "model": "destinations.country", "fields": {"country_name": "Switzerland"}}, {"pk": 10, "model": "destinations.country", "fields": {"country_name": "Netherlands"}}, {"pk": 11, "model": "destinations.country", "fields": {"country_name": "Denmark"}}, {"pk": 12, "model": "destinations.country", "fields": {"country_name": "Japan"}}, {"pk": 13, "model": "destinations.country", "fields": {"country_name": "China"}}, {"pk": 14, "model": "destinations.country", "fields": {"country_name": "Greece"}}, {"pk": 15, "model": "destinations.country", "fields": {"country_name": "Turkey"}}, {"pk": 16, "model": "destinations.country", "fields": {"country_name": "United Kingdom"}}, {"pk": 17, "model": "destinations.country", "fields": {"country_name": "South Africa"}}, {"pk": 18, "model": "destinations.country", "fields": {"country_name": "Egypt "}}, {"pk": 1, "model": "destinations.city", "fields": {"city_name": "San Francisco", "country": 1}}, {"pk": 2, "model": "destinations.city", "fields": {"city_name": "Paris", "country": 2}}, {"pk": 3, "model": "destinations.city", "fields": {"city_name": "Munich", "country": 3}}, {"pk": 4, "model": "destinations.city", "fields": {"city_name": "Toronto", "country": 5}}, {"pk": 5, "model": "destinations.city", "fields": {"city_name": "Vancouver", "country": 5}}, {"pk": 6, "model": "destinations.city", "fields": {"city_name": "Mexico City", "country": 6}}, {"pk": 8, "model": "destinations.city", "fields": {"city_name": "Geneva", "country": 9}}, {"pk": 9, "model": "destinations.city", "fields": {"city_name": "Amsterdam", "country": 10}}, {"pk": 10, "model": "destinations.city", "fields": {"city_name": "Copenhagen", "country": 11}}, {"pk": 11, "model": "destinations.city", "fields": {"city_name": "Tokyo", "country": 12}}, {"pk": 12, "model": "destinations.city", "fields": {"city_name": "Kyoto", "country": 12}}, {"pk": 13, "model": "destinations.city", "fields": {"city_name": "Beijing", "country": 13}}, {"pk": 14, "model": "destinations.city", "fields": {"city_name": "Santorini", "country": 14}}, {"pk": 15, "model": "destinations.city", "fields": {"city_name": "Normandy", "country": 2}}, {"pk": 16, "model": "destinations.city", "fields": {"city_name": "Versailles", "country": 2}}, {"pk": 17, "model": "destinations.city", "fields": {"city_name": "Athens", "country": 14}}, {"pk": 18, "model": "destinations.city", "fields": {"city_name": "Selcuk", "country": 15}}, {"pk": 19, "model": "destinations.city", "fields": {"city_name": "Big Sky", "country": 1}}, {"pk": 20, "model": "destinations.city", "fields": {"city_name": "Xi'an", "country": 13}}, {"pk": 21, "model": "destinations.city", "fields": {"city_name": "London", "country": 16}}, {"pk": 22, "model": "destinations.city", "fields": {"city_name": "Cardiff", "country": 16}}, {"pk": 23, "model": "destinations.city", "fields": {"city_name": "Tibet", "country": 13}}, {"pk": 24, "model": "destinations.city", "fields": {"city_name": "Nelspruit", "country": 17}}, {"pk": 25, "model": "destinations.city", "fields": {"city_name": "Roskilde", "country": 11}}, {"pk": 26, "model": "destinations.city", "fields": {"city_name": "Cairo", "country": 18}}, {"pk": 1, "model": "destinations.destination", "fields": {"city": 13, "name": "Forbidden City", "interest": [2, 5]}}, {"pk": 2, "model": "destinations.destination", "fields": {"city": 14, "name": "Santorini", "interest": [3, 5]}}, {"pk": 3, "model": "destinations.destination", "fields": {"city": 15, "name": "Mont Saint Michel Castle", "interest": [4, 2]}}, {"pk": 4, "model": "destinations.destination", "fields": {"city": 15, "name": "Rouen Cathedral", "interest": [4]}}, {"pk": 5, "model": "destinations.destination", "fields": {"city": 2, "name": "Eiffel Tower", "interest": [4, 2]}}, {"pk": 6, "model": "destinations.destination", "fields": {"city": 2, "name": "Mus\u00e9e du Louvre", "interest": [4, 2, 5]}}, {"pk": 7, "model": "destinations.destination", "fields": {"city": 2, "name": "Musee d'Orsay", "interest": [4]}}, {"pk": 8, "model": "destinations.destination", "fields": {"city": 2, "name": "Cath\u00e9drale Notre Dame de Paris", "interest": [4, 2]}}, {"pk": 9, "model": "destinations.destination", "fields": {"city": 16, "name": "Ch\u00e2teau de Versailles", "interest": [4, 2, 5]}}, {"pk": 10, "model": "destinations.destination", "fields": {"city": 2, "name": "Les Invalides", "interest": [2]}}, {"pk": 11, "model": "destinations.destination", "fields": {"city": 2, "name": "Champs-\u00c9lys\u00e9es", "interest": [6, 5]}}, {"pk": 12, "model": "destinations.destination", "fields": {"city": 17, "name": "Acropolis", "interest": [2, 5]}}, {"pk": 13, "model": "destinations.destination", "fields": {"city": 18, "name": "Ruins of Ephesus", "interest": [2, 5]}}, {"pk": 14, "model": "destinations.destination", "fields": {"city": 5, "name": "Whistler Blackcomb", "interest": [7]}}, {"pk": 15, "model": "destinations.destination", "fields": {"city": 19, "name": "Big Sky Mountain", "interest": [7]}}, {"pk": 16, "model": "destinations.destination", "fields": {"city": 20, "name": "Terracota Warriors", "interest": [2]}}, {"pk": 18, "model": "destinations.destination", "fields": {"city": 22, "name": "Millennium Stadium", "interest": [9]}}, {"pk": 19, "model": "destinations.destination", "fields": {"city": 11, "name": "Ginza", "interest": [11, 6, 10, 5]}}, {"pk": 20, "model": "destinations.destination", "fields": {"city": 2, "name": "Place de la Concorde", "interest": [6, 2, 9, 5]}}, {"pk": 22, "model": "destinations.destination", "fields": {"city": 12, "name": "Nij? Castle", "interest": [8, 2]}}, {"pk": 23, "model": "destinations.destination", "fields": {"city": 12, "name": "Kinkaku-ji", "interest": [8, 4, 2, 5]}}, {"pk": 24, "model": "destinations.destination", "fields": {"city": 8, "name": "CERN", "interest": [12]}}, {"pk": 25, "model": "destinations.destination", "fields": {"city": 8, "name": "Lake Geneva", "interest": [13]}}, {"pk": 26, "model": "destinations.destination", "fields": {"city": 24, "name": "Kruger National Park", "interest": [3, 14, 13]}}, {"pk": 27, "model": "destinations.destination", "fields": {"city": 25, "name": "Roskilde Festival", "interest": [4, 1]}}, {"pk": 28, "model": "destinations.destination", "fields": {"city": 26, "name": "Pyramids", "interest": [3, 8, 2, 5]}}, {"pk": 1, "model": "destinations.review", "fields": {"review_headline": "Rouen Cathedral", "rating": 8, "destination": 4, "review_content": "Claude Monet, French impressionist painter, painted a large series of paintings of this cathedral. It is a great site for photography. "}}, {"pk": 2, "model": "destinations.review", "fields": {"review_headline": "Busy but Beautiful", "rating": 7, "destination": 1, "review_content": "The Forbidden City is one of great tourist destinations of Beijing, and for that reason, it is always packed with visitors. There are vendors outside trying to make money off of these travelers, selling fake watches and other cheap goods. Still though, the destination is incredibly beautiful decorated in beautiful reds and golds. The site is beautiful, and the history makes the site even more interesting. "}}, {"pk": 3, "model": "destinations.review", "fields": {"review_headline": "The Blue and White", "rating": 9, "destination": 2, "review_content": "Santorini is one of the most beautiful places I've ever been. The island is entirely picturesque from the little white and blue houses to the beautiful blue water. At times, the fish and donkey smell makes the air unpleasant, but the views are utterly spectacular."}}, {"pk": 4, "model": "destinations.review", "fields": {"review_headline": "Ancient", "rating": 8, "destination": 12, "review_content": "In terms of architectural advances and history, the Parthenon cannot be beat in its significance. This destination is much better seen from the streets of Athens than from the crowded up close perspective. Late at night, teh streets of Athens fill up as people get ready to eat dinner. Small cafes bustle with excitement as souvlaki and gyros with amazing french fries are served to the evening visitors. "}}, {"pk": 5, "model": "destinations.review", "fields": {"review_headline": "Not Ruined", "rating": 9, "destination": 13, "review_content": "Visiting the Ruins of Ephesus is remarkably enriching. The site is incredibly beautiful and ancient and is not laced with the usual tourists that occupy so many previous Wonders of the World. Cheap knock-off goods and delicious Turkish Delight can also be bought at nearby marketplaces. \"Genuine Fake Watches\" were being sold when I was there. "}}, {"pk": 6, "model": "destinations.review", "fields": {"review_headline": "Can't be Beat", "rating": 8, "destination": 14, "review_content": "Whistler Blackcomb is one of the most majestic ski resorts out there. The mountain gets remarkable amounts of snow (at least at the top) and has a whole mile of vertical drop. The apres-ski at Whistler is also competitive with the famous apres-ski life of Vail. There are many restaurants to pick from and much entertainment. I would personally recommend Mongolie Grill and then Cows for delicious ice cream. The mountain has two flaws: its crowds and its 'tropical' weather at the base and on the lower parts of the mountain. "}}, {"pk": 7, "model": "destinations.review", "fields": {"review_headline": "Hidden Gem", "rating": 9, "destination": 15, "review_content": "Big Sky is truly a hidden gem. There are no crowds and crazy large amounts of snow. It is perfect for hard core skiiers looking for powder runs and empty slopes. There is not much in the middle of montana, but the views alone will leave you breathless. "}}, {"pk": 8, "model": "destinations.review", "fields": {"review_headline": "Devotion", "rating": 8, "destination": 16, "review_content": "The story of the Terracota Warriors is breathtaking, and they are simply remarkable to look at. Each one is beautifully unique, and they are just something worth seeing in a lifetime. "}}, {"pk": 9, "model": "destinations.review", "fields": {"review_headline": "Watch football in \"Stadiwm y Mileniwm\"", "rating": 3, "destination": 18, "review_content": "Stadiwm y Mileniwm, which means Millennium Stadium in Welsh, is a multifunctional stadium. Frankly, it is not very remarkable as a sports stadium because it is mainly used by Welsh leagues. I visited this stadium because its underground area appeared in Doctor Who, but the underground region is not open to public."}}, {"pk": 10, "model": "destinations.review", "fields": {"review_headline": "Impressionist art", "rating": 10, "destination": 7, "review_content": "Musee d'Orsay is famous for its collection of impressionist and post-impressionist art works.\r\nMonet, Renoir, Manet and Degas are all French; Van Gogh is Dutch, yet he was most productive when he was France. So France is clearly the centre of impressionism. If you love impressionism, Muess d'Orsay is decidedly the best museum to visit.  \r\n\r\nofficial website: http://www.musee-orsay.fr/en/home.html"}}, {"pk": 11, "model": "destinations.review", "fields": {"review_headline": "Icon of Paris", "rating": 7, "destination": 5, "review_content": "All tourist visit Eiffel Tower even though they know it is not an interesting attraction. However, visiting Eiffel does not mean climbing Eiffel; I do not understand why so many tourists insist on climbing to the top of Eiffel. \r\nIf you go to Paris in Tourist Season which sadly is when you have time to travel, I do not recommend climbing stairs or taking lift to the top. Paris is a beautiful city, but aerial view is not the best view to see it. "}}, {"pk": 12, "model": "destinations.review", "fields": {"review_headline": "The Louvre", "rating": 10, "destination": 6, "review_content": "Everybody can find something interesting in the Louvre because of its extensive collection. Personally, I  visit the Louvre every time I go to Paris, so I strongly recommend visiting this museum. \r\nIt is impossible to visit every section, so plan your tour in advance according to interests. Besides, the ticket is only 10. \r\nFor the interests of hass students: There is an academy affiliated to the Louvre called Ecole du Louvre, which offers courses in art history, archaeology etc. "}}, {"pk": 13, "model": "destinations.review", "fields": {"review_headline": "Largest Square in Paris", "rating": 8, "destination": 20, "review_content": "Place de la Concorde is best known for the Luxor Obelisk which French stole from Egypt. Historically, the square is also related to French Revolution. It locates at the end of Champs-\u00c9lys\u00e9es, so it is also a convenient location to watch Tour de France or to watch crazy French during Tour de France. "}}, {"pk": 14, "model": "destinations.review", "fields": {"review_headline": "Beautiful in some sense", "rating": 6, "destination": 11, "review_content": "There are lots of luxury shops, pigeons, crepes and tourists. "}}, {"pk": 15, "model": "destinations.review", "fields": {"review_headline": "Ultimate Luxury", "rating": 10, "destination": 9, "review_content": "You will understand better why French people started revolution if you visit Versailles. Visiting all palaces and gardens can take a day, but Versailles is worth the time. \r\nOne concern may be transportation: We drove to Versailles, which took 1-2 hours.  However, it is very convenient to take a train (RER) from Paris to Versailles because Versailles is actually in the suburb of Paris. Inside Versailles, you can walk/ bike/ take shuttle, though I personally think walking is a bit challenging. "}}, {"pk": 16, "model": "destinations.review", "fields": {"review_headline": "Melon-pan", "rating": 7, "destination": 19, "review_content": "Ginza is supposed to be the most expensive area for shopping and food in Tokyo. I thought it is a Japanese version of Champs Elysees with narrower street and fewer trees.\r\nHowever, I went to Ginza for Melon-pan! If you watch Shakugan no Shana, you should know how important Melon-pan is. Unfortunately, Misaki is not a real city, so the best place for Melon-pan is Ginza because it is the cradle of Melon-pan.  "}}, {"pk": 17, "model": "destinations.review", "fields": {"review_headline": "World's Largest Accelerator", "rating": 10, "destination": 24, "review_content": "CERN is the European Organization for Nuclear Research. I think all experimental physicists work at CERN at some point of their life. Anyone can visit CERN as a tourist even if he does not work there; I am not sure if appointment is needed. \r\n"}}, {"pk": 1, "model": "auth.permission", "fields": {"codename": "add_permission", "name": "Can add permission", "content_type": 1}}, {"pk": 2, "model": "auth.permission", "fields": {"codename": "change_permission", "name": "Can change permission", "content_type": 1}}, {"pk": 3, "model": "auth.permission", "fields": {"codename": "delete_permission", "name": "Can delete permission", "content_type": 1}}, {"pk": 4, "model": "auth.permission", "fields": {"codename": "add_group", "name": "Can add group", "content_type": 2}}, {"pk": 5, "model": "auth.permission", "fields": {"codename": "change_group", "name": "Can change group", "content_type": 2}}, {"pk": 6, "model": "auth.permission", "fields": {"codename": "delete_group", "name": "Can delete group", "content_type": 2}}, {"pk": 7, "model": "auth.permission", "fields": {"codename": "add_user", "name": "Can add user", "content_type": 3}}, {"pk": 8, "model": "auth.permission", "fields": {"codename": "change_user", "name": "Can change user", "content_type": 3}}, {"pk": 9, "model": "auth.permission", "fields": {"codename": "delete_user", "name": "Can delete user", "content_type": 3}}, {"pk": 13, "model": "auth.permission", "fields": {"codename": "add_contenttype", "name": "Can add content type", "content_type": 5}}, {"pk": 14, "model": "auth.permission", "fields": {"codename": "change_contenttype", "name": "Can change content type", "content_type": 5}}, {"pk": 15, "model": "auth.permission", "fields": {"codename": "delete_contenttype", "name": "Can delete content type", "content_type": 5}}, {"pk": 16, "model": "auth.permission", "fields": {"codename": "add_session", "name": "Can add session", "content_type": 6}}, {"pk": 17, "model": "auth.permission", "fields": {"codename": "change_session", "name": "Can change session", "content_type": 6}}, {"pk": 18, "model": "auth.permission", "fields": {"codename": "delete_session", "name": "Can delete session", "content_type": 6}}, {"pk": 19, "model": "auth.permission", "fields": {"codename": "add_site", "name": "Can add site", "content_type": 7}}, {"pk": 20, "model": "auth.permission", "fields": {"codename": "change_site", "name": "Can change site", "content_type": 7}}, {"pk": 21, "model": "auth.permission", "fields": {"codename": "delete_site", "name": "Can delete site", "content_type": 7}}, {"pk": 22, "model": "auth.permission", "fields": {"codename": "add_logentry", "name": "Can add log entry", "content_type": 8}}, {"pk": 23, "model": "auth.permission", "fields": {"codename": "change_logentry", "name": "Can change log entry", "content_type": 8}}, {"pk": 24, "model": "auth.permission", "fields": {"codename": "delete_logentry", "name": "Can delete log entry", "content_type": 8}}, {"pk": 25, "model": "auth.permission", "fields": {"codename": "add_poll", "name": "Can add poll", "content_type": 9}}, {"pk": 26, "model": "auth.permission", "fields": {"codename": "change_poll", "name": "Can change poll", "content_type": 9}}, {"pk": 27, "model": "auth.permission", "fields": {"codename": "delete_poll", "name": "Can delete poll", "content_type": 9}}, {"pk": 28, "model": "auth.permission", "fields": {"codename": "add_choice", "name": "Can add choice", "content_type": 10}}, {"pk": 29, "model": "auth.permission", "fields": {"codename": "change_choice", "name": "Can change choice", "content_type": 10}}, {"pk": 30, "model": "auth.permission", "fields": {"codename": "delete_choice", "name": "Can delete choice", "content_type": 10}}, {"pk": 31, "model": "auth.permission", "fields": {"codename": "add_interest", "name": "Can add interest", "content_type": 11}}, {"pk": 32, "model": "auth.permission", "fields": {"codename": "change_interest", "name": "Can change interest", "content_type": 11}}, {"pk": 33, "model": "auth.permission", "fields": {"codename": "delete_interest", "name": "Can delete interest", "content_type": 11}}, {"pk": 34, "model": "auth.permission", "fields": {"codename": "add_country", "name": "Can add country", "content_type": 12}}, {"pk": 35, "model": "auth.permission", "fields": {"codename": "change_country", "name": "Can change country", "content_type": 12}}, {"pk": 36, "model": "auth.permission", "fields": {"codename": "delete_country", "name": "Can delete country", "content_type": 12}}, {"pk": 37, "model": "auth.permission", "fields": {"codename": "add_city", "name": "Can add city", "content_type": 13}}, {"pk": 38, "model": "auth.permission", "fields": {"codename": "change_city", "name": "Can change city", "content_type": 13}}, {"pk": 39, "model": "auth.permission", "fields": {"codename": "delete_city", "name": "Can delete city", "content_type": 13}}, {"pk": 40, "model": "auth.permission", "fields": {"codename": "add_destination", "name": "Can add destination", "content_type": 14}}, {"pk": 41, "model": "auth.permission", "fields": {"codename": "change_destination", "name": "Can change destination", "content_type": 14}}, {"pk": 42, "model": "auth.permission", "fields": {"codename": "delete_destination", "name": "Can delete destination", "content_type": 14}}, {"pk": 49, "model": "auth.permission", "fields": {"codename": "add_review", "name": "Can add review", "content_type": 17}}, {"pk": 50, "model": "auth.permission", "fields": {"codename": "change_review", "name": "Can change review", "content_type": 17}}, {"pk": 51, "model": "auth.permission", "fields": {"codename": "delete_review", "name": "Can delete review", "content_type": 17}}, {"pk": 52, "model": "auth.permission", "fields": {"codename": "add_forum", "name": "Can add forum", "content_type": 18}}, {"pk": 53, "model": "auth.permission", "fields": {"codename": "change_forum", "name": "Can change forum", "content_type": 18}}, {"pk": 54, "model": "auth.permission", "fields": {"codename": "delete_forum", "name": "Can delete forum", "content_type": 18}}, {"pk": 55, "model": "auth.permission", "fields": {"codename": "add_thread", "name": "Can add thread", "content_type": 19}}, {"pk": 56, "model": "auth.permission", "fields": {"codename": "change_thread", "name": "Can change thread", "content_type": 19}}, {"pk": 57, "model": "auth.permission", "fields": {"codename": "delete_thread", "name": "Can delete thread", "content_type": 19}}, {"pk": 58, "model": "auth.permission", "fields": {"codename": "add_post", "name": "Can add post", "content_type": 20}}, {"pk": 59, "model": "auth.permission", "fields": {"codename": "change_post", "name": "Can change post", "content_type": 20}}, {"pk": 60, "model": "auth.permission", "fields": {"codename": "delete_post", "name": "Can delete post", "content_type": 20}}, {"pk": 64, "model": "auth.permission", "fields": {"codename": "add_registrationprofile", "name": "Can add registration profile", "content_type": 22}}, {"pk": 65, "model": "auth.permission", "fields": {"codename": "change_registrationprofile", "name": "Can change registration profile", "content_type": 22}}, {"pk": 66, "model": "auth.permission", "fields": {"codename": "delete_registrationprofile", "name": "Can delete registration profile", "content_type": 22}}, {"pk": 67, "model": "auth.permission", "fields": {"codename": "add_userprofile", "name": "Can add user profile", "content_type": 23}}, {"pk": 68, "model": "auth.permission", "fields": {"codename": "change_userprofile", "name": "Can change user profile", "content_type": 23}}, {"pk": 69, "model": "auth.permission", "fields": {"codename": "delete_userprofile", "name": "Can delete user profile", "content_type": 23}}, {"pk": 70, "model": "auth.permission", "fields": {"codename": "add_migrationhistory", "name": "Can add migration history", "content_type": 24}}, {"pk": 71, "model": "auth.permission", "fields": {"codename": "change_migrationhistory", "name": "Can change migration history", "content_type": 24}}, {"pk": 72, "model": "auth.permission", "fields": {"codename": "delete_migrationhistory", "name": "Can delete migration history", "content_type": 24}}, {"pk": 74, "model": "auth.permission", "fields": {"codename": "add_profile", "name": "Can add profile", "content_type": 26}}, {"pk": 75, "model": "auth.permission", "fields": {"codename": "change_profile", "name": "Can change profile", "content_type": 26}}, {"pk": 76, "model": "auth.permission", "fields": {"codename": "delete_profile", "name": "Can delete profile", "content_type": 26}}, {"pk": 1, "model": "auth.user", "fields": {"username": "marcelar", "first_name": "", "last_name": "", "is_active": true, "is_superuser": true, "is_staff": true, "last_login": "2012-05-03T03:08:20", "groups": [], "user_permissions": [], "password": "sha1$b7bcb$f20e546ea99a67676cbeff397563eef4995f40b4", "email": "micespirit@yahoo.com", "date_joined": "2012-04-17T01:32:37"}}, {"pk": 2, "model": "auth.user", "fields": {"username": "scfay", "first_name": "", "last_name": "", "is_active": true, "is_superuser": true, "is_staff": true, "last_login": "2012-05-02T15:33:21", "groups": [], "user_permissions": [], "password": "sha1$fb8bc$8f7a376796bc35bf5c99f6a226a2c04b32057b7d", "email": "", "date_joined": "2012-04-22T14:37:04"}}, {"pk": 3, "model": "auth.user", "fields": {"username": "yzhu", "first_name": "", "last_name": "", "is_active": true, "is_superuser": true, "is_staff": true, "last_login": "2012-05-02T21:29:01", "groups": [], "user_permissions": [], "password": "sha1$668dc$76adf343a5491c9d9f9c798ab73770dc4554054c", "email": "", "date_joined": "2012-04-22T14:37:42"}}, {"pk": 1, "model": "admin.logentry", "fields": {"action_flag": 1, "action_time": "2012-04-22T12:30:47", "object_repr": "San Francisco", "object_id": "1", "change_message": "", "user": 1, "content_type": 13}}, {"pk": 2, "model": "admin.logentry", "fields": {"action_flag": 1, "action_time": "2012-04-22T12:31:12", "object_repr": "Music", "object_id": "1", "change_message": "", "user": 1, "content_type": 11}}, {"pk": 3, "model": "admin.logentry", "fields": {"action_flag": 1, "action_time": "2012-04-22T12:31:22", "object_repr": "History", "object_id": "2", "change_message": "", "user": 1, "content_type": 11}}, {"pk": 4, "model": "admin.logentry", "fields": {"action_flag": 1, "action_time": "2012-04-22T12:31:51", "object_repr": "Adventure", "object_id": "3", "change_message": "", "user": 1, "content_type": 11}}, {"pk": 5, "model": "admin.logentry", "fields": {"action_flag": 1, "action_time": "2012-04-22T12:32:06", "object_repr": "Art", "object_id": "4", "change_message": "", "user": 1, "content_type": 11}}, {"pk": 6, "model": "admin.logentry", "fields": {"action_flag": 1, "action_time": "2012-04-22T12:32:18", "object_repr": "France", "object_id": "2", "change_message": "", "user": 1, "content_type": 12}}, {"pk": 7, "model": "admin.logentry", "fields": {"action_flag": 1, "action_time": "2012-04-22T12:32:22", "object_repr": "Germany", "object_id": "3", "change_message": "", "user": 1, "content_type": 12}}, {"pk": 8, "model": "admin.logentry", "fields": {"action_flag": 1, "action_time": "2012-04-22T12:32:26", "object_repr": "India", "object_id": "4", "change_message": "", "user": 1, "content_type": 12}}, {"pk": 9, "model": "admin.logentry", "fields": {"action_flag": 1, "action_time": "2012-04-22T12:32:28", "object_repr": "Canada", "object_id": "5", "change_message": "", "user": 1, "content_type": 12}}, {"pk": 10, "model": "admin.logentry", "fields": {"action_flag": 1, "action_time": "2012-04-22T12:32:32", "object_repr": "Mexico", "object_id": "6", "change_message": "", "user": 1, "content_type": 12}}, {"pk": 11, "model": "admin.logentry", "fields": {"action_flag": 1, "action_time": "2012-04-22T12:32:57", "object_repr": "Paris", "object_id": "2", "change_message": "", "user": 1, "content_type": 13}}, {"pk": 12, "model": "admin.logentry", "fields": {"action_flag": 1, "action_time": "2012-04-22T12:33:10", "object_repr": "Munich", "object_id": "3", "change_message": "", "user": 1, "content_type": 13}}, {"pk": 13, "model": "admin.logentry", "fields": {"action_flag": 1, "action_time": "2012-04-22T12:33:18", "object_repr": "Toronto", "object_id": "4", "change_message": "", "user": 1, "content_type": 13}}, {"pk": 14, "model": "admin.logentry", "fields": {"action_flag": 1, "action_time": "2012-04-22T12:33:23", "object_repr": "Vancouver", "object_id": "5", "change_message": "", "user": 1, "content_type": 13}}, {"pk": 15, "model": "admin.logentry", "fields": {"action_flag": 1, "action_time": "2012-04-22T12:33:37", "object_repr": "Mexico City", "object_id": "6", "change_message": "", "user": 1, "content_type": 13}}, {"pk": 16, "model": "admin.logentry", "fields": {"action_flag": 1, "action_time": "2012-04-22T13:11:40", "object_repr": "Belgium", "object_id": "7", "change_message": "", "user": 1, "content_type": 12}}, {"pk": 17, "model": "admin.logentry", "fields": {"action_flag": 1, "action_time": "2012-04-22T13:11:55", "object_repr": "Spain", "object_id": "8", "change_message": "", "user": 1, "content_type": 12}}, {"pk": 18, "model": "admin.logentry", "fields": {"action_flag": 1, "action_time": "2012-04-22T14:37:04", "object_repr": "scfay", "object_id": "2", "change_message": "", "user": 1, "content_type": 3}}, {"pk": 19, "model": "admin.logentry", "fields": {"action_flag": 1, "action_time": "2012-04-22T14:37:42", "object_repr": "yzhu", "object_id": "3", "change_message": "", "user": 1, "content_type": 3}}, {"pk": 20, "model": "admin.logentry", "fields": {"action_flag": 2, "action_time": "2012-04-22T14:42:50", "object_repr": "scfay", "object_id": "2", "change_message": "Changed is_staff.", "user": 1, "content_type": 3}}, {"pk": 21, "model": "admin.logentry", "fields": {"action_flag": 2, "action_time": "2012-04-22T14:44:11", "object_repr": "yzhu", "object_id": "3", "change_message": "Changed is_staff.", "user": 1, "content_type": 3}}, {"pk": 22, "model": "admin.logentry", "fields": {"action_flag": 2, "action_time": "2012-04-22T15:05:25", "object_repr": "scfay", "object_id": "2", "change_message": "Changed is_superuser.", "user": 1, "content_type": 3}}, {"pk": 23, "model": "admin.logentry", "fields": {"action_flag": 2, "action_time": "2012-04-22T15:05:45", "object_repr": "yzhu", "object_id": "3", "change_message": "Changed is_superuser.", "user": 1, "content_type": 3}}, {"pk": 24, "model": "admin.logentry", "fields": {"action_flag": 1, "action_time": "2012-04-23T09:39:43", "object_repr": "Rouen", "object_id": "7", "change_message": "", "user": 3, "content_type": 13}}, {"pk": 25, "model": "admin.logentry", "fields": {"action_flag": 1, "action_time": "2012-04-23T09:41:07", "object_repr": "Switerland", "object_id": "9", "change_message": "", "user": 3, "content_type": 12}}, {"pk": 26, "model": "admin.logentry", "fields": {"action_flag": 1, "action_time": "2012-04-23T09:41:18", "object_repr": "Geneva", "object_id": "8", "change_message": "", "user": 3, "content_type": 13}}, {"pk": 27, "model": "admin.logentry", "fields": {"action_flag": 1, "action_time": "2012-04-23T09:41:51", "object_repr": "Netherlands", "object_id": "10", "change_message": "", "user": 3, "content_type": 12}}, {"pk": 28, "model": "admin.logentry", "fields": {"action_flag": 1, "action_time": "2012-04-23T09:42:00", "object_repr": "Amsterdam", "object_id": "9", "change_message": "", "user": 3, "content_type": 13}}, {"pk": 29, "model": "admin.logentry", "fields": {"action_flag": 1, "action_time": "2012-04-23T09:42:27", "object_repr": "Denmark", "object_id": "11", "change_message": "", "user": 3, "content_type": 12}}, {"pk": 30, "model": "admin.logentry", "fields": {"action_flag": 1, "action_time": "2012-04-23T09:43:45", "object_repr": "Copenhagen", "object_id": "10", "change_message": "", "user": 3, "content_type": 13}}, {"pk": 31, "model": "admin.logentry", "fields": {"action_flag": 1, "action_time": "2012-04-23T09:44:39", "object_repr": "Japan", "object_id": "12", "change_message": "", "user": 3, "content_type": 12}}, {"pk": 32, "model": "admin.logentry", "fields": {"action_flag": 1, "action_time": "2012-04-23T09:44:45", "object_repr": "Tokyo", "object_id": "11", "change_message": "", "user": 3, "content_type": 13}}, {"pk": 33, "model": "admin.logentry", "fields": {"action_flag": 1, "action_time": "2012-04-23T09:45:01", "object_repr": "Kyoto", "object_id": "12", "change_message": "", "user": 3, "content_type": 13}}, {"pk": 34, "model": "admin.logentry", "fields": {"action_flag": 1, "action_time": "2012-04-23T13:03:47", "object_repr": "China", "object_id": "13", "change_message": "", "user": 2, "content_type": 12}}, {"pk": 35, "model": "admin.logentry", "fields": {"action_flag": 1, "action_time": "2012-04-23T13:04:44", "object_repr": "Beijing", "object_id": "13", "change_message": "", "user": 2, "content_type": 13}}, {"pk": 36, "model": "admin.logentry", "fields": {"action_flag": 1, "action_time": "2012-04-23T13:11:55", "object_repr": "Tourism", "object_id": "5", "change_message": "", "user": 2, "content_type": 11}}, {"pk": 37, "model": "admin.logentry", "fields": {"action_flag": 1, "action_time": "2012-04-23T13:41:23", "object_repr": "Forbidden City", "object_id": "1", "change_message": "", "user": 2, "content_type": 14}}, {"pk": 38, "model": "admin.logentry", "fields": {"action_flag": 1, "action_time": "2012-04-23T13:48:07", "object_repr": "Greece", "object_id": "14", "change_message": "", "user": 2, "content_type": 12}}, {"pk": 39, "model": "admin.logentry", "fields": {"action_flag": 1, "action_time": "2012-04-23T13:48:11", "object_repr": "Santorini", "object_id": "14", "change_message": "", "user": 2, "content_type": 13}}, {"pk": 40, "model": "admin.logentry", "fields": {"action_flag": 1, "action_time": "2012-04-23T13:48:25", "object_repr": "Santorini", "object_id": "2", "change_message": "", "user": 2, "content_type": 14}}, {"pk": 41, "model": "admin.logentry", "fields": {"action_flag": 3, "action_time": "2012-04-23T14:49:37", "object_repr": "Rouen", "object_id": "7", "change_message": "", "user": 3, "content_type": 13}}, {"pk": 42, "model": "admin.logentry", "fields": {"action_flag": 1, "action_time": "2012-04-23T14:50:27", "object_repr": "Normandy", "object_id": "15", "change_message": "", "user": 3, "content_type": 13}}, {"pk": 43, "model": "admin.logentry", "fields": {"action_flag": 1, "action_time": "2012-04-23T15:04:13", "object_repr": "Mont Saint Michel Castle", "object_id": "3", "change_message": "", "user": 3, "content_type": 14}}, {"pk": 44, "model": "admin.logentry", "fields": {"action_flag": 1, "action_time": "2012-04-23T15:05:31", "object_repr": "Rouen Cathedral", "object_id": "4", "change_message": "", "user": 3, "content_type": 14}}, {"pk": 45, "model": "admin.logentry", "fields": {"action_flag": 1, "action_time": "2012-04-23T15:07:51", "object_repr": "Eiffle Tower", "object_id": "5", "change_message": "", "user": 3, "content_type": 14}}, {"pk": 46, "model": "admin.logentry", "fields": {"action_flag": 1, "action_time": "2012-04-23T15:09:15", "object_repr": "Mus\u00e9e du Louvre", "object_id": "6", "change_message": "", "user": 3, "content_type": 14}}, {"pk": 47, "model": "admin.logentry", "fields": {"action_flag": 1, "action_time": "2012-04-23T15:10:29", "object_repr": "Musee d'Orsay", "object_id": "7", "change_message": "", "user": 3, "content_type": 14}}, {"pk": 48, "model": "admin.logentry", "fields": {"action_flag": 1, "action_time": "2012-04-23T15:13:12", "object_repr": "Cath\u00e9drale Notre Dame de Paris", "object_id": "8", "change_message": "", "user": 3, "content_type": 14}}, {"pk": 49, "model": "admin.logentry", "fields": {"action_flag": 2, "action_time": "2012-04-23T15:13:25", "object_repr": "Musee d'Orsay", "object_id": "7", "change_message": "Changed address.", "user": 3, "content_type": 14}}, {"pk": 50, "model": "admin.logentry", "fields": {"action_flag": 1, "action_time": "2012-04-23T15:15:20", "object_repr": "Versaille", "object_id": "16", "change_message": "", "user": 3, "content_type": 13}}, {"pk": 51, "model": "admin.logentry", "fields": {"action_flag": 1, "action_time": "2012-04-23T15:15:29", "object_repr": "Ch\u00e2teau de Versailles", "object_id": "9", "change_message": "", "user": 3, "content_type": 14}}, {"pk": 52, "model": "admin.logentry", "fields": {"action_flag": 1, "action_time": "2012-04-23T15:17:38", "object_repr": "Les Invalides", "object_id": "10", "change_message": "", "user": 3, "content_type": 14}}, {"pk": 53, "model": "admin.logentry", "fields": {"action_flag": 1, "action_time": "2012-04-23T15:19:39", "object_repr": "Champs-\u00c9lys\u00e9es", "object_id": "11", "change_message": "", "user": 3, "content_type": 14}}, {"pk": 54, "model": "admin.logentry", "fields": {"action_flag": 1, "action_time": "2012-04-23T15:20:07", "object_repr": "Food", "object_id": "6", "change_message": "", "user": 3, "content_type": 11}}, {"pk": 55, "model": "admin.logentry", "fields": {"action_flag": 2, "action_time": "2012-04-23T15:20:14", "object_repr": "Champs-\u00c9lys\u00e9es", "object_id": "11", "change_message": "Changed interest.", "user": 3, "content_type": 14}}, {"pk": 56, "model": "admin.logentry", "fields": {"action_flag": 2, "action_time": "2012-04-23T15:27:56", "object_repr": "Versailles", "object_id": "16", "change_message": "Changed city_name.", "user": 3, "content_type": 13}}, {"pk": 57, "model": "admin.logentry", "fields": {"action_flag": 1, "action_time": "2012-04-23T15:49:03", "object_repr": "Review object", "object_id": "1", "change_message": "", "user": 3, "content_type": 17}}, {"pk": 58, "model": "admin.logentry", "fields": {"action_flag": 2, "action_time": "2012-04-23T15:49:27", "object_repr": "Review object", "object_id": "1", "change_message": "No fields changed.", "user": 3, "content_type": 17}}, {"pk": 59, "model": "admin.logentry", "fields": {"action_flag": 1, "action_time": "2012-04-23T15:53:43", "object_repr": "Review object", "object_id": "2", "change_message": "", "user": 2, "content_type": 17}}, {"pk": 60, "model": "admin.logentry", "fields": {"action_flag": 1, "action_time": "2012-04-23T15:54:35", "object_repr": "Review object", "object_id": "3", "change_message": "", "user": 2, "content_type": 17}}, {"pk": 61, "model": "admin.logentry", "fields": {"action_flag": 1, "action_time": "2012-04-23T16:31:08", "object_repr": "Athens", "object_id": "17", "change_message": "", "user": 2, "content_type": 13}}, {"pk": 62, "model": "admin.logentry", "fields": {"action_flag": 1, "action_time": "2012-04-23T16:31:18", "object_repr": "Acropolis", "object_id": "12", "change_message": "", "user": 2, "content_type": 14}}, {"pk": 63, "model": "admin.logentry", "fields": {"action_flag": 1, "action_time": "2012-04-23T16:36:21", "object_repr": "Review object", "object_id": "4", "change_message": "", "user": 2, "content_type": 17}}, {"pk": 64, "model": "admin.logentry", "fields": {"action_flag": 1, "action_time": "2012-04-23T16:43:48", "object_repr": "Turkey", "object_id": "15", "change_message": "", "user": 2, "content_type": 12}}, {"pk": 65, "model": "admin.logentry", "fields": {"action_flag": 1, "action_time": "2012-04-23T16:43:50", "object_repr": "Selcuk", "object_id": "18", "change_message": "", "user": 2, "content_type": 13}}, {"pk": 66, "model": "admin.logentry", "fields": {"action_flag": 1, "action_time": "2012-04-23T16:44:10", "object_repr": "Ruins of Ephesus", "object_id": "13", "change_message": "", "user": 2, "content_type": 14}}, {"pk": 67, "model": "admin.logentry", "fields": {"action_flag": 1, "action_time": "2012-04-23T16:48:19", "object_repr": "Review object", "object_id": "5", "change_message": "", "user": 2, "content_type": 17}}, {"pk": 68, "model": "admin.logentry", "fields": {"action_flag": 2, "action_time": "2012-04-23T16:49:26", "object_repr": "Santorini", "object_id": "2", "change_message": "Changed interest.", "user": 2, "content_type": 14}}, {"pk": 69, "model": "admin.logentry", "fields": {"action_flag": 2, "action_time": "2012-04-23T16:49:43", "object_repr": "Acropolis", "object_id": "12", "change_message": "Changed interest.", "user": 2, "content_type": 14}}, {"pk": 70, "model": "admin.logentry", "fields": {"action_flag": 2, "action_time": "2012-04-23T16:49:58", "object_repr": "Forbidden City", "object_id": "1", "change_message": "Changed interest.", "user": 2, "content_type": 14}}, {"pk": 71, "model": "admin.logentry", "fields": {"action_flag": 1, "action_time": "2012-04-23T16:51:02", "object_repr": "Winter Sports", "object_id": "7", "change_message": "", "user": 2, "content_type": 11}}, {"pk": 72, "model": "admin.logentry", "fields": {"action_flag": 1, "action_time": "2012-04-23T16:51:13", "object_repr": "Whistler Blackcomb", "object_id": "14", "change_message": "", "user": 2, "content_type": 14}}, {"pk": 73, "model": "admin.logentry", "fields": {"action_flag": 1, "action_time": "2012-04-23T16:57:16", "object_repr": "Review object", "object_id": "6", "change_message": "", "user": 2, "content_type": 17}}, {"pk": 74, "model": "admin.logentry", "fields": {"action_flag": 1, "action_time": "2012-04-23T16:58:53", "object_repr": "Big Sky", "object_id": "19", "change_message": "", "user": 2, "content_type": 13}}, {"pk": 75, "model": "admin.logentry", "fields": {"action_flag": 1, "action_time": "2012-04-23T16:59:14", "object_repr": "Big Sky Mountain", "object_id": "15", "change_message": "", "user": 2, "content_type": 14}}, {"pk": 76, "model": "admin.logentry", "fields": {"action_flag": 1, "action_time": "2012-04-23T17:02:33", "object_repr": "Review object", "object_id": "7", "change_message": "", "user": 2, "content_type": 17}}, {"pk": 77, "model": "admin.logentry", "fields": {"action_flag": 1, "action_time": "2012-04-23T17:03:19", "object_repr": "Xi'an", "object_id": "20", "change_message": "", "user": 2, "content_type": 13}}, {"pk": 78, "model": "admin.logentry", "fields": {"action_flag": 1, "action_time": "2012-04-23T17:03:29", "object_repr": "Terracota Warriors", "object_id": "16", "change_message": "", "user": 2, "content_type": 14}}, {"pk": 79, "model": "admin.logentry", "fields": {"action_flag": 1, "action_time": "2012-04-23T17:06:03", "object_repr": "Review object", "object_id": "8", "change_message": "", "user": 2, "content_type": 17}}, {"pk": 80, "model": "admin.logentry", "fields": {"action_flag": 1, "action_time": "2012-04-23T19:57:03", "object_repr": "United Kingdom", "object_id": "16", "change_message": "", "user": 3, "content_type": 12}}, {"pk": 81, "model": "admin.logentry", "fields": {"action_flag": 1, "action_time": "2012-04-23T19:57:21", "object_repr": "London", "object_id": "21", "change_message": "", "user": 3, "content_type": 13}}, {"pk": 82, "model": "admin.logentry", "fields": {"action_flag": 1, "action_time": "2012-04-23T19:58:02", "object_repr": "Cardiff", "object_id": "22", "change_message": "", "user": 3, "content_type": 13}}, {"pk": 83, "model": "admin.logentry", "fields": {"action_flag": 1, "action_time": "2012-04-23T20:10:00", "object_repr": "Architecture", "object_id": "8", "change_message": "", "user": 3, "content_type": 11}}, {"pk": 84, "model": "admin.logentry", "fields": {"action_flag": 1, "action_time": "2012-04-23T20:10:05", "object_repr": "Cardiff Castle", "object_id": "17", "change_message": "", "user": 3, "content_type": 14}}, {"pk": 85, "model": "admin.logentry", "fields": {"action_flag": 1, "action_time": "2012-04-23T20:14:08", "object_repr": "Sports", "object_id": "9", "change_message": "", "user": 3, "content_type": 11}}, {"pk": 86, "model": "admin.logentry", "fields": {"action_flag": 1, "action_time": "2012-04-23T20:14:11", "object_repr": "Millennium Stadium", "object_id": "18", "change_message": "", "user": 3, "content_type": 14}}, {"pk": 87, "model": "admin.logentry", "fields": {"action_flag": 1, "action_time": "2012-04-23T20:36:26", "object_repr": "Review object", "object_id": "9", "change_message": "", "user": 3, "content_type": 17}}, {"pk": 88, "model": "admin.logentry", "fields": {"action_flag": 1, "action_time": "2012-04-23T20:39:58", "object_repr": "Shopping", "object_id": "10", "change_message": "", "user": 3, "content_type": 11}}, {"pk": 89, "model": "admin.logentry", "fields": {"action_flag": 1, "action_time": "2012-04-23T20:40:03", "object_repr": "Ginza", "object_id": "19", "change_message": "", "user": 3, "content_type": 14}}, {"pk": 90, "model": "admin.logentry", "fields": {"action_flag": 1, "action_time": "2012-04-23T21:34:32", "object_repr": "Review object", "object_id": "10", "change_message": "", "user": 3, "content_type": 17}}, {"pk": 91, "model": "admin.logentry", "fields": {"action_flag": 2, "action_time": "2012-04-23T21:34:43", "object_repr": "Review object", "object_id": "10", "change_message": "Changed review_headline.", "user": 3, "content_type": 17}}, {"pk": 92, "model": "admin.logentry", "fields": {"action_flag": 2, "action_time": "2012-04-23T21:44:52", "object_repr": "Eiffel Tower", "object_id": "5", "change_message": "Changed name.", "user": 3, "content_type": 14}}, {"pk": 93, "model": "admin.logentry", "fields": {"action_flag": 1, "action_time": "2012-04-23T22:24:44", "object_repr": "Review object", "object_id": "11", "change_message": "", "user": 3, "content_type": 17}}, {"pk": 94, "model": "admin.logentry", "fields": {"action_flag": 2, "action_time": "2012-04-23T22:25:26", "object_repr": "Review object", "object_id": "11", "change_message": "Changed rating.", "user": 3, "content_type": 17}}, {"pk": 95, "model": "admin.logentry", "fields": {"action_flag": 2, "action_time": "2012-04-23T22:27:20", "object_repr": "Review object", "object_id": "1", "change_message": "Changed review_content and rating.", "user": 3, "content_type": 17}}, {"pk": 96, "model": "admin.logentry", "fields": {"action_flag": 2, "action_time": "2012-04-23T22:27:35", "object_repr": "Review object", "object_id": "10", "change_message": "Changed rating.", "user": 3, "content_type": 17}}, {"pk": 97, "model": "admin.logentry", "fields": {"action_flag": 1, "action_time": "2012-04-23T23:09:12", "object_repr": "Review object", "object_id": "12", "change_message": "", "user": 3, "content_type": 17}}, {"pk": 98, "model": "admin.logentry", "fields": {"action_flag": 1, "action_time": "2012-04-23T23:13:20", "object_repr": "Place de la Concorde", "object_id": "20", "change_message": "", "user": 3, "content_type": 14}}, {"pk": 99, "model": "admin.logentry", "fields": {"action_flag": 1, "action_time": "2012-04-23T23:29:41", "object_repr": "Review object", "object_id": "13", "change_message": "", "user": 3, "content_type": 17}}, {"pk": 100, "model": "admin.logentry", "fields": {"action_flag": 1, "action_time": "2012-04-23T23:44:04", "object_repr": "Review object", "object_id": "14", "change_message": "", "user": 3, "content_type": 17}}, {"pk": 101, "model": "admin.logentry", "fields": {"action_flag": 1, "action_time": "2012-04-24T00:26:26", "object_repr": "Review object", "object_id": "15", "change_message": "", "user": 3, "content_type": 17}}, {"pk": 102, "model": "admin.logentry", "fields": {"action_flag": 1, "action_time": "2012-04-25T14:36:21", "object_repr": "Test", "object_id": "21", "change_message": "", "user": 1, "content_type": 14}}, {"pk": 103, "model": "admin.logentry", "fields": {"action_flag": 3, "action_time": "2012-04-25T14:39:36", "object_repr": "Test", "object_id": "21", "change_message": "", "user": 1, "content_type": 14}}, {"pk": 104, "model": "admin.logentry", "fields": {"action_flag": 3, "action_time": "2012-04-25T23:39:34", "object_repr": "Cardiff Castle", "object_id": "17", "change_message": "", "user": 3, "content_type": 14}}, {"pk": 105, "model": "admin.logentry", "fields": {"action_flag": 1, "action_time": "2012-04-26T00:50:44", "object_repr": "General", "object_id": "1", "change_message": "", "user": 1, "content_type": 18}}, {"pk": 106, "model": "admin.logentry", "fields": {"action_flag": 1, "action_time": "2012-04-26T00:51:13", "object_repr": "marcelar - Best places for mountaineering?", "object_id": "1", "change_message": "", "user": 1, "content_type": 19}}, {"pk": 107, "model": "admin.logentry", "fields": {"action_flag": 1, "action_time": "2012-04-28T19:10:05", "object_repr": "South Africa", "object_id": "17", "change_message": "", "user": 3, "content_type": 12}}, {"pk": 108, "model": "admin.logentry", "fields": {"action_flag": 1, "action_time": "2012-04-28T19:10:22", "object_repr": "Tibet", "object_id": "23", "change_message": "", "user": 3, "content_type": 13}}, {"pk": 109, "model": "admin.logentry", "fields": {"action_flag": 1, "action_time": "2012-04-28T19:45:50", "object_repr": "Review object", "object_id": "16", "change_message": "", "user": 3, "content_type": 17}}, {"pk": 110, "model": "admin.logentry", "fields": {"action_flag": 1, "action_time": "2012-04-28T19:47:19", "object_repr": "Book & Film", "object_id": "11", "change_message": "", "user": 3, "content_type": 11}}, {"pk": 111, "model": "admin.logentry", "fields": {"action_flag": 2, "action_time": "2012-04-28T19:47:23", "object_repr": "Ginza", "object_id": "19", "change_message": "Changed interest.", "user": 3, "content_type": 14}}, {"pk": 112, "model": "admin.logentry", "fields": {"action_flag": 1, "action_time": "2012-04-28T19:49:55", "object_repr": "Nij? Castle", "object_id": "22", "change_message": "", "user": 3, "content_type": 14}}, {"pk": 113, "model": "admin.logentry", "fields": {"action_flag": 1, "action_time": "2012-04-28T19:52:02", "object_repr": "Kinkaku-ji", "object_id": "23", "change_message": "", "user": 3, "content_type": 14}}, {"pk": 114, "model": "admin.logentry", "fields": {"action_flag": 1, "action_time": "2012-04-28T19:53:45", "object_repr": "Science", "object_id": "12", "change_message": "", "user": 3, "content_type": 11}}, {"pk": 115, "model": "admin.logentry", "fields": {"action_flag": 1, "action_time": "2012-04-28T19:54:50", "object_repr": "CERN", "object_id": "24", "change_message": "", "user": 3, "content_type": 14}}, {"pk": 116, "model": "admin.logentry", "fields": {"action_flag": 1, "action_time": "2012-04-28T20:10:34", "object_repr": "Review object", "object_id": "17", "change_message": "", "user": 3, "content_type": 17}}, {"pk": 117, "model": "admin.logentry", "fields": {"action_flag": 1, "action_time": "2012-04-28T20:12:28", "object_repr": "Scenery", "object_id": "13", "change_message": "", "user": 3, "content_type": 11}}, {"pk": 118, "model": "admin.logentry", "fields": {"action_flag": 1, "action_time": "2012-04-28T20:14:08", "object_repr": "Lake Geneva", "object_id": "25", "change_message": "", "user": 3, "content_type": 14}}, {"pk": 119, "model": "admin.logentry", "fields": {"action_flag": 1, "action_time": "2012-04-28T20:19:00", "object_repr": "Animal", "object_id": "14", "change_message": "", "user": 3, "content_type": 11}}, {"pk": 120, "model": "admin.logentry", "fields": {"action_flag": 1, "action_time": "2012-04-28T20:20:08", "object_repr": "Nelspruit", "object_id": "24", "change_message": "", "user": 3, "content_type": 13}}, {"pk": 121, "model": "admin.logentry", "fields": {"action_flag": 1, "action_time": "2012-04-28T20:20:12", "object_repr": "Kruger National Park", "object_id": "26", "change_message": "", "user": 3, "content_type": 14}}, {"pk": 122, "model": "admin.logentry", "fields": {"action_flag": 1, "action_time": "2012-04-28T20:23:29", "object_repr": "Roskilde", "object_id": "25", "change_message": "", "user": 3, "content_type": 13}}, {"pk": 123, "model": "admin.logentry", "fields": {"action_flag": 1, "action_time": "2012-04-28T20:24:41", "object_repr": "Roskilde Festival", "object_id": "27", "change_message": "", "user": 3, "content_type": 14}}, {"pk": 124, "model": "admin.logentry", "fields": {"action_flag": 2, "action_time": "2012-04-28T20:26:02", "object_repr": "Roskilde Festival", "object_id": "27", "change_message": "No fields changed.", "user": 3, "content_type": 14}}, {"pk": 125, "model": "admin.logentry", "fields": {"action_flag": 1, "action_time": "2012-04-28T21:07:26", "object_repr": "Egypt ", "object_id": "18", "change_message": "", "user": 3, "content_type": 12}}, {"pk": 126, "model": "admin.logentry", "fields": {"action_flag": 1, "action_time": "2012-04-28T21:08:25", "object_repr": "Cairo", "object_id": "26", "change_message": "", "user": 3, "content_type": 13}}, {"pk": 127, "model": "admin.logentry", "fields": {"action_flag": 1, "action_time": "2012-04-28T21:09:26", "object_repr": "Pyramids", "object_id": "28", "change_message": "", "user": 3, "content_type": 14}}, {"pk": 128, "model": "admin.logentry", "fields": {"action_flag": 2, "action_time": "2012-05-02T15:34:19", "object_repr": "Switzerland", "object_id": "9", "change_message": "Changed country_name.", "user": 3, "content_type": 12}}]